id,short_description
chatgpt,Conversational AI assistant for answering questions and generating content
claude,AI assistant by Anthropic for thoughtful conversations and analysis
midjourney,AI art generator creating images from text prompts
cursor,AI-powered code editor with intelligent autocomplete
github-copilot,AI pair programmer that suggests code completions
perplexity,AI-powered answer engine with cited sources
canva,Design platform with AI-powered templates and tools
notion,All-in-one workspace combining notes wikis and databases
grammarly,AI writing assistant for grammar spelling and clarity
zapier,Automation platform connecting apps and workflows
10web,AI-powered WordPress website builder and hosting platform
adalo,No-code mobile app builder for creating custom applications
adobe-firefly,Adobe's generative AI tool for creating images and text effects
aiva,AI music composition tool for creating original soundtracks
amazon-codewhisperer,AI coding companion by AWS for code suggestions and security scanning
anthropic-claude-api,API access to Claude AI models for developers
anyword,AI copywriting platform for marketing and advertising content
artbreeder,Collaborative AI art tool for blending and evolving images
bardeen,Browser automation tool connecting web apps with AI actions
adcreativeai,Generate high-converting ad creatives and social media posts in seconds using Artificial Intelligence. Get data-backed insights to maximize your ROAS.

activepieces,"ActivePieces is a Automation tool designed for automating business workflows, connecting multiple apps, and open source automation."
ada,"Ada is a Business tool designed for automating customer service, ai chatbots for enterprise, and personalized support."
ai21-labs,"AI21 Labs is a Development tool designed for building nlp applications, text generation via api, and reading comprehension tasks."
akkio,"Akkio is a Business tool designed for predictive analytics for business, forecasting sales trends, and churn prediction."
appgyver,"AppGyver is a Development tool designed for professional app development, visual logic flow, and sap integration."
askcodi,"AskCodi is a Development tool designed for generating code snippets, explaining complex code, and writing unit tests."
assemblyai,"AssemblyAI is a Video & Audio tool designed for transcribing audio files, speech analytics, and audio intelligence via api."
attention-insight,"Attention Insight is a Design tool designed for predicting visual attention, heatmap generation, and landing page optimization."
automator,"Automator is a Automation tool designed for marketing automation flows, lead scoring, and email drip campaigns."
avoma,"Avoma is a Productivity tool designed for meeting transcription, ai notes assistant, and conversation intelligence."
beatoven,"Beatoven is a Video & Audio tool designed for royalty-free music generation, customizing track mood, and video background audio."
beautifulai,"Beautiful.ai is a Design tool designed for creating slide decks, formatting presentations, and smart slide templates."
bildr,"Bildr is a Development tool designed for web3 app development, visual saas building, and chrome extension creation."
bing-chat,"Bing Chat is a Research tool designed for web connected research, generating images (dalle), and summarizing search results."
blackbox-ai,"BlackBox AI is a Development tool designed for coding assistant, repository search, and debugging code."
bluewillow,"BlueWillow is a Design tool designed for midjourney alternative, discord based generation, and artistic image creation."
booke-ai,"Booke AI is a Business tool designed for automating bookkeeping, categorizing transactions, and extracting data from receipts."
boomy,"Boomy is a Video & Audio tool designed for instant song creation, releasing music to spotify, and generating beats."
botpress,"Botpress is a Business tool designed for building chat bots, visual conversation flows, and integrating with messenger."
brandmark,"Brandmark is a Design tool designed for generating logos, creating brand guidelines, and business card design."
breeze-ai,"Breeze AI is a Marketing tool designed for content marketing automation, generating blog posts, and seo optimization."
brisk-teaching,"Brisk Teaching is a Education tool designed for grading student work, generating feedback, and detecting ai writing."
bubble,"Bubble is a Development tool designed for full-stack web apps, visual database design, and complex workflows."
buffer-ai-assistant,"Buffer AI Assistant is a Marketing tool designed for repurposing content, generating social posts, and summarizing articles."
canva-ai,"Canva AI is a Design tool designed for magic edit photos, text to image generation, and magic design templates."
casetext-cocounsel,"Casetext CoCounsel is a Business tool designed for legal research assistant, document review, and contract analysis."
chatfuel,"Chatfuel is a Business tool designed for whatsapp chatbots, facebook messenger bots, and ecommerce automation."
chatgpt-advanced-data-analysis,"ChatGPT Advanced Data Analysis is a Research tool designed for analyzing excel files, visualizing data charts, and converting file formats."
chorusai,"Chorus.ai is a Business tool designed for sales call analysis, coaching sales reps, and identifying deal risks."
cleanuppictures,"Cleanup.pictures is a Design tool designed for removing objects from photos, cleaning up product shots, and removing watermarks."
clearscope,"Clearscope is a Marketing tool designed for seo content optimization, grading content relevance, and keyword research."
cleo,"Cleo is a Business tool designed for personal finance assistant, budgeting help, and roasting spending habits."
clerkio,"Clerk.io is a Marketing tool designed for ecommerce personalization, search and recommendations, and email marketing automation."
clickup-ai,"ClickUp AI is a Productivity tool designed for summarizing tasks, generating subtasks, and writing project updates."
clipchamp,"Clipchamp is a Video & Audio tool designed for video editing in browser, auto caption generation, and text to speech."
clipdrop,"Clipdrop is a Design tool designed for removing objects cleanly, upscaling images, and relighting photos."
coda-ai,"Coda AI is a Productivity tool designed for organizing team knowledge, automating doc summaries, and generating tables."
codeium,"Codeium is a Development tool designed for free code completion, refactoring code, and explaining functions."
codex-openai,"Codex (OpenAI) is a Development tool designed for translating natural language to code, completing code blocks, and refactoring functions."
cognii,"Cognii is a Education tool designed for assessing open ended answers, tutoring automation, and giving instant feedback."
cohere-api,"Cohere API is a Development tool designed for building custom chatbots, classifying text, and embedding search."
colormind,"Colormind is a Design tool designed for generating color palettes, extracting colors from images, and ui color inspiration."
colossyan,"Colossyan is a Video & Audio tool designed for creating training videos, ai avatars, and text to video."
consensus,"Consensus is a Research tool designed for academic research search, finding scientific papers, and summarizing studies."
contentbot,"ContentBot is a Content Creation tool designed for blog post writing, marketing copy generation, and landing page content."
contentshake-ai,"ContentShake AI is a Content Creation tool designed for optimizing content for seo, generating blog ideas, and competitor analysis."
contentstudio,"ContentStudio is a Content Creation tool designed for social media management, curating content, and scheduling posts."
continue,"Continue is a Development tool designed for open source coding assistant, ide chat integration, and context aware coding."
copyai,"Copy.ai is a Content Creation tool designed for writing marketing copy, generating blog posts, and email subject lines."
copysmith,"Copysmith is a Content Creation tool designed for bulk product descriptions, ecommerce content, and ad copy generation."
coursebox,"Coursebox is a Education tool designed for generating course structures, creating quizzes, and writing lesson content."
craft,"Craft is a Development tool designed for structured document creation, daily notes, and collaborative writing."
craiyon,"Craiyon is a Design tool designed for free image generation, drawing prompts, and visual brainstorming."
creatify,"Creatify is a Video & Audio tool designed for generating video ads, ecommerce product videos, and marketing clips."
d-id,"D-ID is a Video & Audio tool designed for animating photos, creating talking heads, and virtual presenters."
dall-e-3,"DALL-E 3 is a Design tool designed for high fidelity image generation, following complex prompts, and creating text in images."
datarobot,"DataRobot is a Research tool designed for automating machine learning, predictive modeling, and data science workflows."
debuild,"Debuild is a Development tool designed for generating web apps, react component building, and visual interface design."
decktopus,"Decktopus is a Design tool designed for creating presentation decks, formatting slides, and finding slide images."
deepai,"DeepAI is a Development tool designed for image generation api, text generation, and content moderation."
describely,"Describely is a Content Creation tool designed for ecommerce product content, seo descriptions, and catalog management."
descript,"Descript is a Video & Audio tool designed for editing video by text, removing filler words, and overdub voice cloning."
descript-overdub,"Descript Overdub is a Video & Audio tool designed for cloning your voice, fixing audio mistakes, and text to speech."
diagram,"Diagram is a Development tool designed for design automation, generating figma assets, and ui prototyping."
docyt,"Docyt is a Business tool designed for automating accounting, bookkeeping workflows, and expense management."
donotpay,"DoNotPay is a Business tool designed for legal assistance, canceling subscriptions, and fighting parking tickets."
dreamstudio,"DreamStudio is a Design tool designed for stable diffusion generation, controlling image styles, and inpainting and outpainting."
drift,"Drift is a Business tool designed for conversational marketing, buying signal detection, and chatbot automation."
duolingo-max,"Duolingo Max is a Education tool designed for roleplay language practice, explaining answer mistakes, and interactive learning."
durable,"Durable is a Development tool designed for building websites in seconds, ai crm, and generating business names."
educaidor,"Educaidor is a Education tool designed for lesson planning, creating educational resources, and student assessment."
elevenlabs,"ElevenLabs is a Video & Audio tool designed for realistic voiceovers, dubbing content, and creating audiobooks."
elicit,"Elicit is a Research tool designed for automating research workflows, extracting data from papers, and synthesizing findings."
fathom,"Fathom is a Productivity tool designed for recording zoom meetings, transcribing calls, and highlighting key moments."
feedhive,"FeedHive is a Marketing tool designed for scheduling social posts, recycling content, and analyzing performance."
fig,"Fig is a Development tool designed for terminal autocompletion, command line help, and shell scripting assistance."
finalround-ai,"FinalRound AI is a Education tool designed for interview preparation, mock interview practice, and resume feedback."
finance-pal,"Finance Pal is a Business tool designed for financial planning, investment analysis, and budget tracking."
finch,"Finch is a Design tool designed for optimizing building design, architectural layouts, and floor plan generation."
firefliesai,"Fireflies.ai is a Productivity tool designed for automating meeting notes, transcribing voice conversations, and analyzing sentiment."
fliki,"Fliki is a Video & Audio tool designed for text to video creation, voiceover generation, and blog to video."
flutterflow,"FlutterFlow is a Development tool designed for building mobile apps, visual development, and firebase integration."
forethought,"Forethought is a Business tool designed for customer support automation, ticket triage, and solving queries."
framer,"Framer is a Design tool designed for designing websites, publishing to web, and interactive prototyping."
framer-ai,"Framer AI is a Design tool designed for generating simple sites, layout iteration, and copy generation."
frase,"Frase is a Content Creation tool designed for seo content briefs, optimizing articles, and competitor research."
freshdesk-ai,"Freshdesk AI is a Business tool designed for automating support tickets, agent assist, and predictive support."
galileo-ai,"Galileo AI is a Design tool designed for generating ui designs, mobile app screens, and figma editable designs."
gamma,"Gamma is a Design tool designed for generating presentations, creating documents, and webpage building."
glass-health,"Glass Health is a Research tool designed for clinical decision support, differential diagnosis, and medical knowledge search."
glide,"Glide is a Development tool designed for building apps from sheets, no-code development, and internal business apps."
gong,"Gong is a Business tool designed for revenue intelligence, analyzing sales calls, and deal visibility."
google-ai-studio,"Google AI Studio is a Development tool designed for prototyping with gemini, prompt engineering, and testing models."
gradescope-ai,"Gradescope AI is a Education tool designed for grouping similar answers, grading assignments, and providing feedback."
grain,"Grain is a Productivity tool designed for recording customer calls, highlighting insights, and creating video clips."
gridlex,"Gridlex is a Business tool designed for integrated business suite, crm and helpdesk, and billing and hr."
growthbar,"GrowthBar is a Marketing tool designed for seo content writing, blog outlining, and keyword research."
happy-scribe,"Happy Scribe is a Video & Audio tool designed for audio transcription, subtitling videos, and translation services."
harvey-ai,"Harvey AI is a Business tool designed for legal work automation, contract analysis, and legal research."
help-scout-ai,"Help Scout AI is a Business tool designed for customer support email, knowledge base management, and live chat."
hex,"Hex is a Research tool designed for collaborative data science, sql and python notebooks, and interactive data apps."
heygen,"HeyGen is a Video & Audio tool designed for creating avatar videos, translating video dubs, and marketing videos."
hootsuite-insights,"Hootsuite Insights is a Marketing tool designed for social listening, brand monitoring, and trend analysis."
hostinger-ai-builder,"Hostinger AI Builder is a Development tool designed for generating websites, writing copy, and selecting images."
hugging-face,"Hugging Face is a Development tool designed for hosting models, datasets access, and demo spaces."
hyperwrite,"HyperWrite is a Content Creation tool designed for personal writing assistant, email replies, and document generation."
hypotenuse-ai,"Hypotenuse AI is a Content Creation tool designed for ecommerce product descriptions, blog articles, and social media copy."
ideogram,"Ideogram is a Design tool designed for rendering text in images, logo design, and typography generation."
instantlyai,"Instantly.ai is a Marketing tool designed for scaling cold email campaigns, warming up email accounts, and automating outreach."
intercom-fin,"Intercom Fin is a Business tool designed for resolving customer queries, support ticket automation, and conversational ai for support."
invideo,"InVideo is a Video & Audio tool designed for creating marketing videos, converting text to video, and editing videos online."
jasper-ai,"Jasper AI is a Content Creation tool designed for writing marketing copy, generating blog posts, and creating ad copy."
jenni-ai,"Jenni AI is a Research tool designed for academic writing assistant, generating citations, and paraphrasing text."
julius-ai,"Julius AI is a Research tool designed for analyzing data sets, visualizing complex data, and python code generation."
kapwing,"Kapwing is a Video & Audio tool designed for collaborative video editing, subtitling videos, and creating memes."
khan-academy-khanmigo,"Khan Academy Khanmigo is a Education tool designed for personalized tutoring, homework help, and coding instruction."
khroma,"Khroma is a Design tool designed for generating color palettes, ai color combinations, and design inspiration."
kickresume,"Kickresume is a Productivity tool designed for writing resumes with ai, generating cover letters, and resume checking."
krisp,"Krisp is a Video & Audio tool designed for removing background noise, enhancing voice clarity, and transcribing meetings."
kustomer-ai,"Kustomer AI is a Business tool designed for automating support responses, sentiment analysis, and classifying tickets."
lalalai,"Lalal.ai is a Video & Audio tool designed for extracting vocal stems, isolating instruments, and splitting audio tracks."
landbot,"Landbot is a Marketing tool designed for building chatbots, lead generation forms, and automating whatsapp conversations."
lately,"Lately is a Marketing tool designed for repurposing long form content, generating social posts, and analyzing social performance."
lavender,"Lavender is a Marketing tool designed for writing sales emails, scoring email effectiveness, and personalizing outreach."
lawgeex,"Lawgeex is a Business tool designed for automating contract review, legal compliance check, and approving contracts."
lazyapply,"LazyApply is a Productivity tool designed for automating job applications, applying on linkedin, and resume optimization."
legalmation,"LegalMation is a Business tool designed for automating litigation tasks, drafting legal responses, and analyzing lawsuits."
lemlist,"Lemlist is a Marketing tool designed for personalizing cold emails, multichannel outreach, and warming up domains."
leonardo-ai,"Leonardo AI is a Design tool designed for game asset generation, creating character art, and concept art generation."
let's-enhance,"Let's Enhance is a Design tool designed for upscaling images, improving photo quality, and restoring old photos."
lex,"Lex is a Content Creation tool designed for writing assistance, overcoming writers block, and drafting newsletters."
looka,"Looka is a Design tool designed for designing logos, building brand kits, and generating business cards."
lumen5,"Lumen5 is a Video & Audio tool designed for turning blogs to videos, content marketing videos, and social media storytelling."
luminar-neo,"Luminar Neo is a Design tool designed for ai photo editing, replacing skies, and enhancing portraits."
magical,"Magical is a Productivity tool designed for automating repetitive tasks, filling forms automatically, and messaging shortcuts."
magician-figma,"Magician (Figma) is a Design tool designed for generating icons in figma, text to image for design, and copywriting for prototypes."
magicschool-ai,"MagicSchool AI is a Education tool designed for lesson planning assistance, generating rubrics, and writing iep goals."
make-integromat,"Make (Integromat) is a Automation tool designed for connecting apps visually, automating complex workflows, and data synchronization."
manychat,"ManyChat is a Marketing tool designed for instagram dm automation, facebook messenger bots, and generating leads via chat."
marketmuse,"MarketMuse is a Content Creation tool designed for optimizing content strategy, keyword research, and identifying content gaps."
mem,"Mem is a Productivity tool designed for organizing personal notes, connecting knowledge, and smart search."
memorable,"Memorable is a Marketing tool designed for predicting ad performance, optimizing visual assets, and creative intelligence."
microsoft-power-automate,"Microsoft Power Automate is a Automation tool designed for business process automation, connecting microsoft apps, and automating desktop tasks."
mintlify-writer,"Mintlify Writer is a Development tool designed for documenting code, generating docsites, and maintaining documentation."
mockup-ai,"Mockup AI is a Design tool designed for placing designs on products, generating model shots, and apparel mockups."
monarch-money,"Monarch Money is a Business tool designed for personal finance tracking, visualizing net worth, and budgeting assistance."
monkeylearn,"MonkeyLearn is a Research tool designed for classifying text data, sentiment analysis, and extracting keywords."
motion,"Motion is a Productivity tool designed for automating daily schedules, task management, and calendar optimization."
murf-ai,"Murf AI is a Video & Audio tool designed for generating realistic voiceovers, text to speech, and elearning narration."
n8n,"n8n is a Automation tool designed for workflow automation, self hosted automation, and connecting apis."
nabla-copilot,"Nabla Copilot is a Business tool designed for automating clinical notes, medical transcription, and doctor admin assistance."
neuronwriter,"NeuronWriter is a Content Creation tool designed for optimizing content for google, competitor analysis, and nlp keyword suggestions."
nightcafe,"NightCafe is a Design tool designed for artistic image generation, style transfer, and participating in art challenges."
nosto,"Nosto is a Marketing tool designed for ecommerce personalization, product recommendations, and behavioral popups."
notion-ai,"Notion AI is a Productivity tool designed for summarizing page content, writing drafts, and brainstorming ideas."
ocoya,"Ocoya is a Marketing tool designed for social media scheduling, generating captions, and creating graphics."
octane-ai,"Octane AI is a Marketing tool designed for ecommerce quizzes, product recommendation quizzes, and collecting zero party data."
omneky,"Omneky is a Marketing tool designed for generating ad creatives, analyzing ad performance, and cross platform ads."
openai-api,"OpenAI API is a Development tool designed for integrating gpt models, building ai apps, and fine tuning models."
otterai,"Otter.ai is a Productivity tool designed for transcribing meetings, generating summaries, and identifying speakers."
pencil,"Pencil is a Design tool designed for generating ad creatives, predicting ad success, and brand consistent design."
perplexity-ai,"Perplexity AI is a Research tool designed for answering complex questions, citing sources, and web connected research."
phind,"Phind is a Development tool designed for developer search engine, answering coding questions, and debugging errors."
photor,"Photor is a Design tool designed for rating photo aesthetics, selecting best photos, and analyzing image quality."
pictory,"Pictory is a Video & Audio tool designed for turning script to video, editing video with text, and creating highlights."
pieces,"Pieces is a Development tool designed for saving code snippets, context aware copilot, and managing developer knowledge."
pitch,"Pitch is a Design tool designed for creating presentations, collaborative slide design, and pitch deck templates."
pixlr-ai,"Pixlr AI is a Design tool designed for generative photo editing, background removal, and image expansion."
pixray,"Pixray is a Design tool designed for pixel art generation, drawing with code, and cli image generation."
playground-ai,"Playground AI is a Design tool designed for editing images with ai, mixed image generation, and creative design."
polyai,"PolyAI is a Business tool designed for voice assistants for support, automating phone calls, and customer service voicebots."
polymer,"Polymer is a Research tool designed for visualizing data, building dashboards, and analyzing spreadsheets."
postwise,"Postwise is a Marketing tool designed for writing twitter threads, scheduling tweets, and growing twitter audience."
predisai,"Predis.ai is a Marketing tool designed for generating social posts, ecommerce product videos, and competitor analysis."
presentationsai,"Presentations.AI is a Design tool designed for generating decks instantly, brand consistent slides, and collaborative editing."
prowritingaid,"ProWritingAid is a Content Creation tool designed for checking grammar and style, improving readability, and rephrasing sentences."
quickads,"Quickads is a Marketing tool designed for generating ad copy, creating ad visuals, and multi platform ads."
quillbot,"QuillBot is a Content Creation tool designed for rephrasing text, checking grammar, and summarizing articles."
quizizz-ai,"Quizizz AI is a Education tool designed for creating quizzes instantly, generating questions from text, and grading assignments."
quizlet-q-chat,"Quizlet Q-Chat is a Education tool designed for studying with ai tutor, generating flashcards, and practicing languages."
rasa,"Rasa is a Development tool designed for building conversational ai, open source chatbot framework, and customer service automation."
readai,"Read.ai is a Productivity tool designed for automated meeting summaries, measuring engagement, and transcribing calls."
rebuy,"Rebuy is a Marketing tool designed for ecommerce personalization, smart upsells, and post purchase offers."
reclaim,"Reclaim is a Productivity tool designed for optimizing calendar schedules, protecting focus time, and syncing personal and work calendars."
reflect,"Reflect is a Productivity tool designed for personal knowledge management, networked notes, and daily journaling."
regieai,"Regie.ai is a Business tool designed for automating sales outreach, generating email sequences, and content management."
relay,"Relay is a Automation tool designed for automating team workflows, collaborative automation, and human in the loop tasks."
relume,"Relume is a Design tool designed for generating sitemaps, building wireframes, and web design library."
remini,"Remini is a Design tool designed for enhancing photo quality, restoring old photos, and clarifying blurry images."
removebg,"remove.bg is a Design tool designed for removing image backgrounds, transparent pngs, and ecommerce product photos."
replai,"Replai is a Marketing tool designed for analyzing creative performance, tagging video assets, and optimizing ad creatives."
replicate,"Replicate is a Development tool designed for running open source models, deploying ai apis, and image generation."
replika,"Replika is a Productivity tool designed for personal ai companion, emotional support, and virtual friendship."
replit-ai,"Replit AI is a Development tool designed for code completion, explaining code, and generating functions."
replyio,"Reply.io is a Marketing tool designed for automating sales email, multichannel outreach, and linkedin automation."
research-rabbit,"Research Rabbit is a Research tool designed for visualizing research papers, finding connected studies, and literature mapping."
resemble-ai,"Resemble AI is a Video & Audio tool designed for cloning voices, generating neural speech, and localizing audio."
resume-worded,"Resume Worded is a Productivity tool designed for scoring resumes, optimizing linkedin profiles, and keyword targeting."
retool,"Retool is a Development tool designed for building internal tools, connecting databases, and drag and drop admin panels."
rev-ai,"Rev AI is a Video & Audio tool designed for speech to text api, sentiment analysis, and topic extraction."
rezi,"Rezi is a Productivity tool designed for optimizing resumes for ats, generating bullet points, and cover letter writing."
rows,"Rows is a Business tool designed for spreadsheet automation, connecting apis, and visualizing data."
runway,"Runway ML is a Video & Audio tool designed for video editing ai, text to video generation, and inpainting video."
rytr,"Rytr is a Content Creation tool designed for writing blog sections, generating emails, and creating social posts."
scalenut,"Scalenut is a Content Creation tool designed for seo content planning, long form writing, and optimizing articles."
scholarcy,"Scholarcy is a Research tool designed for summarizing academic papers, extracting key facts, and generating flashcards."
scispace,"Scispace is a Research tool designed for understanding research papers, chatting with pdfs, and finding relevant studies."
sembly,"Sembly is a Productivity tool designed for transcribing meetings, generating minutes, and identifying action items."
semrush,"Semrush is a Marketing tool designed for keyword research, competitor analysis, and site auditing."
shopify-magic,"Shopify Magic is a Business tool designed for writing product descriptions, generating blog posts, and email marketing copy."
shortly-ai,"Shortly AI is a Content Creation tool designed for overcoming writers block, continuing stories, and expanding thoughts."
shortwave,"Shortwave is a Productivity tool designed for organizing email inbox, summarizing threads, and scheduling delivery."
simplified,"Simplified is a Design tool designed for graphic design automation, video editing, and writing marketing copy."
sivi-ai,"Sivi AI is a Design tool designed for generating designs from text, creating banner ads, and email headers."
slidesai,"SlidesAI is a Design tool designed for generating presentation slides, formatting text to decks, and google slides integration."
slidespeak,"SlideSpeak is a Productivity tool designed for chatting with powerpoint, summarizing presentations, and generating slide content."
smartwriter,"Smartwriter is a Marketing tool designed for personalizing cold emails, linkedin outreach, and backlink requests."
softr,"Softr is a Development tool designed for building portals from airtable, client gateways, and internal tools."
sonara,"Sonara is a Productivity tool designed for automating job search, applying to jobs, and filling applications."
soundraw,"Soundraw is a Video & Audio tool designed for customizing royalty free music, adjusting song mood, and video background music."
sourcegraph-cody,"Sourcegraph Cody is a Development tool designed for codebase search, explaining complex code, and writing unit tests."
spark,"Spark is a Business tool designed for managing email, ai writing assistant, and collaborative inbox."
speechify,"Speechify is a Video & Audio tool designed for text to speech reading, listening to articles, and audiobook creation."
speedy-brand,"Speedy Brand is a Marketing tool designed for seo blog writing, social media content, and brand consistent copy."
spellbook,"Spellbook is a Business tool designed for drafting legal contracts, reviewing agreements, and negotiating terms."
stable-diffusion,"Stable Diffusion is a Design tool designed for generating images locally, fine tuning models, and artistic control."
starryai,"Starryai is a Design tool designed for generating mobile art, creating nfts, and artistic styles."
sudowrite,"Sudowrite is a Content Creation tool designed for writing fiction, brainstorming plot twists, and expanding scenes."
superhuman,"Superhuman is a Productivity tool designed for fastest email experience, undo send, and read statuses."
surfer-seo,"Surfer SEO is a Marketing tool designed for optimizing content scores, keyword density, and competitor analysis."
synthesia,"Synthesia is a Video & Audio tool designed for creating ai video avatars, text to video, and multilingual training videos."
tableau-ai,"Tableau AI is a Research tool designed for visualizing data insights, predictive analytics, and explaining charts."
tabnine,"Tabnine is a Development tool designed for code completion, predicting next lines, and private codebase learning."
tana,"Tana is a Productivity tool designed for knowledge management, ai supertags, and connecting ideas."
taplio,"Taplio is a Marketing tool designed for growing on linkedin, scheduling posts, and generating content."
taskade,"Taskade is a Productivity tool designed for managing projects, ai agents for tasks, and mind mapping."
teal,"Teal is a Productivity tool designed for tracking job applications, resume builder, and career growth."
textcortex,"TextCortex is a Content Creation tool designed for writing everywhere, browser extension assistant, and email writing."
thoughtspot,"ThoughtSpot is a Research tool designed for search driven analytics, visualizing business data, and embedding charts."
tidio,"Tidio is a Business tool designed for customer service chatbot, live chat automation, and increasing sales."
tl;dv,"tl;dv is a Productivity tool designed for recording google meets, highlighting calls, and transcribing zoom."
together-ai,"Together AI is a Development tool designed for running open source models, fine tuning llms, and fast inference."
tome,"Tome is a Design tool designed for storytelling formatting, generating presentations, and visual documents."
topaz-ai,"Topaz AI is a Design tool designed for upscaling video, sharpening photos, and denoising images."
trayio,"Tray.io is a Automation tool designed for enterprise automation, integrating apis, and data orchestration."
trint,"Trint is a Video & Audio tool designed for transcribing audio-video, collaborative editing, and captioning content."
twain,"Twain is a Business tool designed for coaching sales outreach, improving email clarity, and increasing response rates."
tweet-hunter,"Tweet Hunter is a Marketing tool designed for growing twitter audience, finding viral tweets, and scheduling threads."
uizard,"Uizard is a Design tool designed for designing ui mockups, sketch to screen, and prototyping apps."
ultimateai,"Ultimate.ai is a Business tool designed for automating support tickets, multilingual chat, and crm integration."
unicorn-platform,"Unicorn Platform is a Development tool designed for building landing pages, startup websites, and blog functionality."
upscalemedia,"Upscale.media is a Design tool designed for enhancing image resolution, removing jpeg artifacts, and batch upscaling."
v0-by-vercel,"v0 by Vercel is a Development tool designed for generating ui components, building with shadcn and tailwind, and react prototyping."
vicai,"Vic.ai is a Business tool designed for automating accounts payable, processing invoices, and expense approvals."
visenze,"ViSenze is a Business tool designed for visual search for ecommerce, smart product recommendations, and tagging product images."
voiceflow,"Voiceflow is a Development tool designed for designing conversation flows, prototyping chatbots, and collaborating on voice apps."
warmerai,"Warmer.ai is a Marketing tool designed for personalizing cold emails, scaling outreach, and improving reply rates."
warp,"Warp is a Development tool designed for modern terminal experience, ai command suggestions, and saving workflows."
webflow,"Webflow is a Development tool designed for visual web development, cms management, and building responsive sites."
wix-ai,"Wix AI is a Development tool designed for generating websites instantly, writing site copy, and creating images."
woebot,"Woebot is a Productivity tool designed for mental health support, cbt based conversations, and tracking mood."
wordtune,"Wordtune is a Content Creation tool designed for rewriting sentences, changing tone, and expanding text."
workato,"Workato is a Automation tool designed for enterprise automation, integrating apps, and workflow orchestration."
writecream,"Writecream is a Content Creation tool designed for generating personalized intros, creating ad copy, and writing blog articles."
writesonic,"Writesonic is a Content Creation tool designed for seo blog writing, paraphrasing tools, and landing page copy."
wysa,"Wysa is a Productivity tool designed for mental health chatbot, stress management, and sleep improvement."
yellowai,"Yellow.ai is a Business tool designed for automating customer experience, voice and chat bots, and enterprise support."
yoodli,"Yoodli is a Education tool designed for improving public speaking, practicing presentations, and interview coaching."
youcom,"You.com is a Research tool designed for conversational search engine, coding assistance, and finding information properly."
youper,"Youper is a Productivity tool designed for emotional support chatbots, anxiety relief exercises, and tracking mental health."
zapier-ai,"Zapier AI is a Automation tool designed for automating workflows naturally, building zaps with text, and connecting 5000+ apps."
zendesk-ai,"Zendesk AI is a Business tool designed for automating support tickets, sentiment analysis, and agent copilot."
zipchat,"Zipchat is a Business tool designed for ecommerce chatbots, automating customer answers, and increasing conversion rates."
sora,"Sora is a Video & Audio tool designed for generating realistic video, text to video simulation, and cinematic scenes."
replit,"Replit is a Development tool designed for collaborative coding, cloud ide, and hosting web apps."
lovable,"Lovable is a Development tool designed for generating web apps, full stack rapid dev, and react and supabase apps."
bolt,"Bolt.new is a Development tool designed for rapid web app prototyping, full-stack development, and debugging & fixing code."
dora-run,"Dora is a Design tool designed for 3d web design, animating websites, and no-code 3d building."
base44,"Base44 is a Business tool designed for business intelligence, data analysis, and reporting automation."
manus,"Manus is a Research tool designed for automating literature review, analyzing scientific papers, and finding research gaps."
readdy-ai,"Readdy is a Design tool designed for interior design visualization, staging rooms virtually, and architectural concepts."
pika,"Pika is a Video & Audio tool designed for animating images, text to video generation, and lip sync animation."
suno,"Suno is a Video & Audio tool designed for creating original songs, generating backing tracks, and musical experimentation."
nano-banana,"Nano Banana is a Research tool designed for searching scientific literature, analyzing patents, and technical research."
figma,"Figma is a Design tool designed for interface design, prototyping, and design systems."
capcut,"CapCut is a Video & Audio tool designed for editing short form video, auto captions, and tiktok video creation."
google-gemini,"Google Gemini is a Productivity tool designed for research with real-time web, multimodal analysis (images/video), and creative writing."
openai-playground,"OpenAI Playground is a Development tool designed for testing prompts, experimenting with models, and prototyping ai features."
microsoft-copilot,"Microsoft Copilot is a Productivity tool designed for office 365 integration, enterprise-grade security, and web-connected research."
perplexity-pages,"Perplexity Pages is a Research tool designed for creating visual articles, sharing research findings, and generating reports."
meta-ai,"Meta AI is a Research tool designed for generating images socially, chatting on whatsapp, and information retrieval."
amazon-q,"Amazon Q is a Business tool designed for enterprise chat assistant, coding companion for aws, and querying business data."
apple-intelligence,"Apple Intelligence is a Productivity tool designed for improving siri interactions, on-device text summary, and image generation integration."
antigravity,"Antigravity is a Development tool designed for advanced agentic coding, autonomous development, and complex refactoring."
vercel-ai-sdk,"Vercel AI SDK is a Development tool designed for building ai apps, streaming text responses, and integrating with nextjs."
langchain,"LangChain is a Development tool designed for building llm applications, chaining prompts, and connecting to data sources."
llamaindex,"LlamaIndex is a Development tool designed for connecting data to llms, rag implementation, and indexing documents."
cloudflare-workers-ai,"Cloudflare Workers AI is a Development tool designed for running global ai models, serverless inference, and building ai apps."
udio,"Udio is a Video & Audio tool designed for creating high quality music, generating full songs, and musical creativity."
luma-ai,"Luma AI is a Video & Audio tool designed for 3d model generation, drone-style video shots, and visual effects."
pika-labs,"Pika Labs is a Video & Audio tool designed for discord video generation, animating text, and creating short clips."
hubspot-ai,"HubSpot AI is a Business tool designed for generating email copy, blog post ideas, and crm data enrichment."
salesforce-einstein,"Salesforce Einstein is a Business tool designed for predicting sales trends, automating crm tasks, and customer insights."
